jugador_id,nombre,nombre_completo,fecha_nacimiento,lugar_nacimiento,altura,apodo,sitio_web,redes_sociales
1,Enner Valencia,,,,,,,
2,Jude Bellingham,,,,,,,
3,Bukayo Saka,,,,,,,
4,Raheem Sterling,,,,,,,
5,Mehdi Taremi,,,,,,,
6,Marcus Rashford,,,,,,,
7,Jack Grealish,,,,,,,
8,Cody Gakpo,,,,,,,
9,Davy Klaassen,,,,,,,
10,Tim Weah,,,,,,,
11,Gareth Bale,,,,,,,
12,Lionel Messi,,,,,,,
13,Saleh Al-Shehri,,,,,,,
14,Salem Al-Dawsari,,,,,,,
15,Craig Goodwin,,,,,,,
16,Adrien Rabiot,,,,,,,
17,Olivier Giroud,,,,,,,
18,Kylian Mbappé,,,,,,,
19,Ilkay Gündogan,,,,,,,
20,Ritsu Doan,,,,,,,
21,Takuma Asano,,,,,,,
22,Dani Olmo,,,,,,,
23,Marco Asensio,,,,,,,
24,Ferran Torres,,,,,,,
25,Gavi,,,,,,,
26,Carlos Soler,,,,,,,
27,Álvaro Morata,,,,,,,
28,Michy Batshuayi,,,,,,,
29,Breel Embolo,,,,,,,
30,Cristiano Ronaldo,,,,,,,
31,Andre Ayew,,,,,,,
32,João Félix,,,,,,,
33,Rafael Leão,,,,,,,
34,Osman Bukari,,,,,,,
35,Richarlison,,,,,,,
36,Rouzbeh Cheshmi,,,,,,,
37,Ramin Rezaeian,,,,,,,
38,Boulaye Dia,,,,,,,
39,Famara Diéhiou,,,,,,,
40,Mohammed Muntari,,,,,,,
41,Bamba Dieng,,,,,,,
42,Mitchell Duke,,,,,,,
43,Piotr Zieliński,,,,,,,
44,Robert Lewandowski,,,,,,,
45,Andreas Christensen,,,,,,,
46,Enzo Fernandez,,,,,,,
47,Keysher Fuller,,,,,,,
48,Romain Saïss,,,,,,,
49,Zakaria Aboukhlal,,,,,,,
50,Alphonso Davies,,,,,,,
51,Andrej Kramarić,,,,,,,
52,Marko Livaja,,,,,,,
53,Lovro Majer,,,,,,,
54,Niclas Füllkrug,,,,,,,
55,Jean-Charles Castelletto,,,,,,,
56,Strahinja Pavlovic,,,,,,,
57,Sergej Milinković-Savić,,,,,,,
58,Aleksandar Mitrović,,,,,,,
59,Vincent Aboubakar,,,,,,,
60,Eric Maxim Choupo Moting,,,,,,,
61,Mohammed Salisu,,,,,,,
62,Mohammed Kudus,,,,,,,
63,Gue-sung Cho,,,,,,,
64,Casemiro,,,,,,,
65,Bruno Fernandes,,,,,,,
66,Frenkie de Jong,,,,,,,
67,Ismaïla Sarr,,,,,,,
68,Moisés Caicedo,,,,,,,
69,Kalidou Koulibaly,,,,,,,
70,Phil Foden,,,,,,,
71,Christian Pulisic,,,,,,,
72,Mathew Leckie,,,,,,,
73,Wahbi Khazri,,,,,,,
74,Henry Martin,,,,,,,
75,Luis Chávez,,,,,,,
76,Alexis Mac Allister,,,,,,,
77,Julian Alvarez,,,,,,,
78,Hakim Ziyech,,,,,,,
79,Youssef En-Nesyri,,,,,,,
80,Nayef Aguerd (en contra),,,,,,,
81,Ao Tanaka,,,,,,,
82,Serge Gnabry,,,,,,,
83,Yeltsin Tejeda,,,,,,,
84,Juan Pablo Vargas,,,,,,,
85,Kai Havertz,,,,,,,
86,Giorgian De Arrascaeta,,,,,,,
87,Ricardo Horta,,,,,,,
88,Young-Gwon Kim,,,,,,,
89,Hee-chan Hwang,,,,,,,
90,Xherdan Shaqiri,,,,,,,
91,Dusan Vlahovic,,,,,,,
92,Remo Freuler,,,,,,,
93,Memphis Depay,,,,,,,
94,Daley Blind,,,,,,,
95,Haji Wright,,,,,,,
96,Denzel Dumfries,,,,,,,
97,Enzo Fernandez (en contra),,,,,,,
98,Jordan Henderson,,,,,,,
99,Harry Kane,,,,,,,
100,Daizen Maeda,,,,,,,
101,Ivan Perisic,,,,,,,
102,Vinicius Junior,,,,,,,
103,Neymar Jr.,,,,,,,
104,Lucas Paqueta,,,,,,,
105,Seung-ho Paik,,,,,,,
106,Gonçalo Ramos,,,,,,,
107,Pepe,,,,,,,
108,Raphaël Guerreiro,,,,,,,
109,Manuel Akanji,,,,,,,
110,Nahuel Molina,,,,,,,
111,Wout Weghorst,,,,,,,
112,Bruno Petkovic,,,,,,,
113,Aurélien Tchouaméni,,,,,,,
114,Théo Hernandez,,,,,,,
115,Randal Kolo Muani,,,,,,,
116,Josko Gvardiol,,,,,,,
117,Achraf Dari,,,,,,,
118,Mislav Orsic,,,,,,,
119,Angel Di Maria,,,,,,,
120,Saad Al Sheeb,,,,,,,
121,Almoez Ali,,,,,,,
122,Karim Boudiaf,,,,,,,
123,Jhegson Méndez,,,,,,,
124,Akram Afif,,,,,,,
125,Alireza Jahanbakhsh,,,,,,,
126,Morteza Pouraliganji,,,,,,,
127,Matthijs De Ligt,,,,,,,
128,Nampalys Mendy,,,,,,,
129,Idrissa Gana Gueye,,,,,,,
130,Sergiño Dest,,,,,,,
131,Weston McKennie,,,,,,,
132,Chris Mepham,,,,,,,
133,Tim Ream,,,,,,,
134,Kellyn Acosta,,,,,,,
135,Abdulelah Al-Malki,,,,,,,
136,Ali Al-Bulaihi,,,,,,,
137,Saud Abdulhamid,,,,,,,
138,Nawaf Al-Abed,,,,,,,
139,Mohammed Al-Owais,,,,,,,
140,Rasmus Kristensen,,,,,,,
141,Mathias Jensen,,,,,,,
142,Taha Yassine Khenissi,,,,,,,
143,Jorge Sánchez,,,,,,,
144,Hector Moreno,,,,,,,
145,Przemyslaw Frankowski,,,,,,,
146,Jackson Irvine,,,,,,,
147,Aaron Mooy,,,,,,,
148,Sofyan Amrabat,,,,,,,
149,Francisco Calvo,,,,,,,
150,Joel Campbell,,,,,,,
151,Yannick Carrasco,,,,,,,
152,Thomas Meunier,,,,,,,
153,Amadou Onana,,,,,,,
154,Alistair Johnston,,,,,,,
155,Collins Faï,,,,,,,
156,Nico Elvedi,,,,,,,
157,Martin Caceres,,,,,,,
158,Alidu Seidu,,,,,,,
159,Danilo Pereira,,,,,,,
160,Inaki Williams,,,,,,,
161,Nemanja Gudelj,,,,,,,
162,Sasa Lukic,,,,,,,
163,Joe Rodon,,,,,,,
164,Wayne Heennesey,,,,,,,
165,Ismaeel Mohammad,,,,,,,
166,Homam Ahmed,,,,,,,
167,Ismail Jakobs,,,,,,,
168,Pathé Ciss,,,,,,,
169,Assim Madibo,,,,,,,
170,Aissa Laidouni,,,,,,,
171,Ali Abdi,,,,,,,
172,Ferjani Sassi,,,,,,,
173,Jakub Kiwior,,,,,,,
174,Matty Cash,,,,,,,
175,Arkadiusz Milik,,,,,,,
176,Abdulelah Al-Amri,,,,,,,
177,Andreas Cornelius,,,,,,,
178,Jules Koundé,,,,,,,
179,Néstor Araujo,,,,,,,
180,Gonzalo Montiel,,,,,,,
181,Érick Gutiérrez,,,,,,,
182,Héctor Herrera,,,,,,,
183,Roberto Alvarado,,,,,,,
184,Anthony Contreras,,,,,,,
185,Miki Yamane,,,,,,,
186,Celso Borges,,,,,,,
187,Ko Itakura,,,,,,,
188,Wataru Endo,,,,,,,
189,Abdelhamid Sabiri,,,,,,,
190,Tajon Buchanan,,,,,,,
191,Dejan Lovren,,,,,,,
192,Kamal Miller,,,,,,,
193,Luka Modric,,,,,,,
194,Thilo Kehrer,,,,,,,
195,Sergio Busquets,,,,,,,
196,Leon Goretzka,,,,,,,
197,Joshua Kimmich,,,,,,,
198,Nicolas Nkoulou,,,,,,,
199,Christian Bassogog,,,,,,,
200,Luka Jović,,,,,,,
201,Nikola Milenković,,,,,,,
202,Daniel Amartey,,,,,,,
203,Woo-young Jung,,,,,,,
204,Tariq Lamptey,,,,,,,
205,Fabian Rieder,,,,,,,
206,Fred,,,,,,,
207,Rodrigo Bentancur,,,,,,,
208,Rúben Neves,,,,,,,
209,Mathías Olivera,,,,,,,
210,Rúben Dias,,,,,,,
211,Nathan Aké,,,,,,,
212,Dan James,,,,,,,
213,Aaron Ramsey,,,,,,,
214,Tyler Adams,,,,,,,
215,Majid Hosseini,,,,,,,
216,Hossein Kanaani,,,,,,,
217,Abolfazl Jalali,,,,,,,
218,Aziz Behich,,,,,,,
219,Milos Degenek,,,,,,,
220,Robert Skov,,,,,,,
221,Wajdi Kechrida,,,,,,,
222,Edson Álvarez,,,,,,,
223,Ali Al-Hassan,,,,,,,
224,Hassan Tambakti,,,,,,,
225,Abdullah Madu,,,,,,,
226,Hattan Bahebri,,,,,,,
227,Marcos Acuña,,,,,,,
228,Grzegorz Krychowiak,,,,,,,
229,Leander Dendoncker,,,,,,,
230,Junior Hoilett,,,,,,,
231,Jonathan Osorio,,,,,,,
232,Sam Adekugbe,,,,,,,
233,Steven Vitoria,,,,,,,
234,Shogo Taniguchi,,,,,,,
235,Maya Yoshida,,,,,,,
236,Óscar Duarte,,,,,,,
237,Darwin Núñez,,,,,,,
238,Luis Suarez,,,,,,,
239,Kamaldeen Sulemana,,,,,,,
240,Sebastián Coates,,,,,,,
241,Edinson Cavani,,,,,,,
242,José María Giménez,,,,,,,
243,Kang-in Lee,,,,,,,
244,Silvan Widmer,,,,,,,
245,Rubén Vargas,,,,,,,
246,Predrag Rajković,,,,,,,
247,Granit Xhaka,,,,,,,
248,Fabian Schär,,,,,,,
249,Nouhou Tolo,,,,,,,
250,Eder Militao,,,,,,,
251,Pierre Kunde,,,,,,,
252,Bruno Guimaraes,,,,,,,
253,Teun Koopmeiners,,,,,,,
254,Bartosz Bereszyński,,,,,,,
255,Mateo Kovacic,,,,,,,
256,Borna Barisic,,,,,,,
257,Aymeric Laporte,,,,,,,
258,Eray Cömert,,,,,,,
259,Jurrïen Timber,,,,,,,
260,Cristian Romero,,,,,,,
261,Lisandro Martinez,,,,,,,
262,Steven Berghuis,,,,,,,
263,Leandro Paredes,,,,,,,
264,Nicolas Otamendi,,,,,,,
265,Steven Bergwijn,,,,,,,
266,German Pezzella,,,,,,,
267,Noa Lang,,,,,,,
268,Danilo,,,,,,,
269,Marcelo Brozovic,,,,,,,
270,Marquinhos,,,,,,,
271,Antoine Griezmann,,,,,,,
272,Ousmane Dembélé,,,,,,,
273,Harry Maguire,,,,,,,
274,Vitinha,,,,,,,
275,Walid Cheddira,,,,,,,
276,Dominik Livaković,,,,,,,
277,Sofiane Boufal,,,,,,,
278,Azzedine Ounahi,,,,,,,
279,Selim Amallah,,,,,,,
280,Marcus Thuram,,,,,,,
281,Emiliano Martinez,,,,,,,
282,Takumi Minamino,,,,,,,
283,Nikola Vlasic,,,,,,,
284,Kaoru Mitoma,,,,,,,
285,Mario Pasalic,,,,,,,
286,Pablo Sarabia,,,,,,,
287,Badr Benoun,,,,,,,
288,Achraf Hakimi,,,,,,,
289,Virgil Van Dijk,,,,,,,
290,Luuk De Jong,,,,,,,
291,Lautaro Martinez,,,,,,,
292,Rodrygo,,,,,,,
293,Pedro,,,,,,,
294,Paulo Dybala,,,,,,,
295,Kingsley Coman,,,,,,,
296,Pedro Miguel,,,,,,,
297,Bassam Al-Rawi,,,,,,,
298,Boualem Khoukhi,,,,,,,
299,Abdelkarim Hassan,,,,,,,
300,Abdelaziz Hatem,,,,,,,
301,Hassan Al-Haydos,,,,,,,
302,Mohammed Waad,,,,,,,
303,Yousuf Hassan,,,,,,,
304,Meshaal Barsham,,,,,,,
305,Tarek Salman,,,,,,,
306,Musaab Khidir,,,,,,,
307,Ali Asad,,,,,,,
308,Salem Al-Hajri,,,,,,,
309,Naif Al-Hadhrami,,,,,,,
310,Jassem Gaber,,,,,,,
311,Mostafa Tarek,,,,,,,
312,Ahmed Alaaeldin,,,,,,,
313,Khalid Muneer,,,,,,,
314,Hernán Galíndez,,,,,,,
315,Félix Torres,,,,,,,
316,Piero Hincapié,,,,,,,
317,Pervis Estupiñán,,,,,,,
318,Angelo Preciado,,,,,,,
319,Romario Ibarra,,,,,,,
320,Gonzalo Plata,,,,,,,
321,Michael Estrada,,,,,,,
322,José Cifuentes,,,,,,,
323,Jeremy Sarmiento,,,,,,,
324,Alan Franco,,,,,,,
325,Kevin Rodríguez,,,,,,,
326,Moisés Ramírez,,,,,,,
327,Alexander Domínguez,,,,,,,
328,Robert Arboleda,,,,,,,
329,William Pacho,,,,,,,
330,Xavier Arreaga,,,,,,,
331,Diego Palacios,,,,,,,
332,Jackson Porozo,,,,,,,
333,Carlos Gruezo,,,,,,,
334,Ayrton Preciado,,,,,,,
335,Ángel Mena,,,,,,,
336,Djorkaeff Reasco,,,,,,,
337,Jordan Pickford,,,,,,,
338,Luke Shaw,,,,,,,
339,John Stones,,,,,,,
340,Kieran Trippier,,,,,,,
341,Declan Rice,,,,,,,
342,Mason Mount,,,,,,,
343,Eric Dier,,,,,,,
344,Callum Wilson,,,,,,,
345,Nick Pope,,,,,,,
346,Aaron Ramsdale,,,,,,,
347,Kyle Walker,,,,,,,
348,Connor Coady,,,,,,,
349,Trent Alexander-Arnold,,,,,,,
350,Ben White,,,,,,,
351,Kalvin Phillips,,,,,,,
352,James Maddison,,,,,,,
353,Connor Gallagher,,,,,,,
354,Alireza Beiranvand,,,,,,,
355,Sadegh Moharrami,,,,,,,
356,Ehsan Hajsafi,,,,,,,
357,Milad Mohammadi,,,,,,,
358,Ali Karimi,,,,,,,
359,Ahmad Nourollahi,,,,,,,
360,Hossein Hosseini,,,,,,,
361,Saeid Ezatolahi,,,,,,,
362,Mehdi Torabi,,,,,,,
363,Ali Gholizadeh,,,,,,,
364,Sardar Azmoun,,,,,,,
365,Payam Niazmand,,,,,,,
366,Amir Abedzadeh,,,,,,,
367,Shoja Khalilzadeh,,,,,,,
368,Vahid Amiri,,,,,,,
369,Saman Ghoddos,,,,,,,
370,Karim Ansarifard,,,,,,,
371,Edouard Mendy,,,,,,,
372,Pape Abdou Cissé,,,,,,,
373,Cheikhou Kouyaté,,,,,,,
374,Youssouf Sabaly,,,,,,,
375,Abdou Diallo,,,,,,,
376,Krépin Diatta,,,,,,,
377,Pape Gueye,,,,,,,
378,Nicolas Jackson,,,,,,,
379,Seny Dieng,,,,,,,
380,Alfred Gomis,,,,,,,
381,Formose Mendy,,,,,,,
382,Moussa N'Diaye,,,,,,,
383,Fodé Ballo-Toure,,,,,,,
384,Moustapha Name,,,,,,,
385,Pape Matar Sarr,,,,,,,
386,Mamadou Loum,,,,,,,
387,Iliman Ndiaye,,,,,,,
388,Andries Noppert,,,,,,,
389,Vincent Janssen,,,,,,,
390,Marten de Roon,,,,,,,
391,Remko Pasveer,,,,,,,
392,Justin Bijlow,,,,,,,
393,Stefan de Vrij,,,,,,,
394,Tyrell Malacia,,,,,,,
395,Jeremie Frimpong,,,,,,,
396,Kenneth Taylor,,,,,,,
397,Xavi Simons,,,,,,,
398,Matt Turner,,,,,,,
399,Walker Zimmerman,,,,,,,
400,Antonee Robinson,,,,,,,
401,Yunus Musah,,,,,,,
402,Josh Sargent,,,,,,,
403,DeAndre Yedlin,,,,,,,
404,Brenden Aaronson,,,,,,,
405,Jordan Morris,,,,,,,
406,Ethan Horvath,,,,,,,
407,Sean Johnson,,,,,,,
408,Aaron Long,,,,,,,
409,Shaquell Moore,,,,,,,
410,Cameron Carter-Vickers,,,,,,,
411,Joe Scally,,,,,,,
412,Luca de la Torre,,,,,,,
413,Cristian Roldan,,,,,,,
414,Giovanni Reyna,,,,,,,
415,Jesus Ferreira,,,,,,,
416,Neco Williams,,,,,,,
417,Ben Davies,,,,,,,
418,Connor Roberts,,,,,,,
419,Ethan Ampadu,,,,,,,
420,Harry Wilson,,,,,,,
421,Joe Morrell,,,,,,,
422,Sorba Thomas,,,,,,,
423,Brennan Johnson,,,,,,,
424,Kieffer Moore,,,,,,,
425,Danny Ward,,,,,,,
426,Adam Davies,,,,,,,
427,Chris Gunter,,,,,,,
428,Tom Lockyer,,,,,,,
429,Ben Cabango,,,,,,,
430,Rubin Colwill,,,,,,,
431,Joe Allen,,,,,,,
432,Jonny Williams,,,,,,,
433,Dylan Levitt,,,,,,,
434,Matt Smith,,,,,,,
435,Mark Harris,,,,,,,
436,Nicolas Tagliafico,,,,,,,
437,Rodrigo De Paul,,,,,,,
438,Alejandro Gomez,,,,,,,
439,Franco Armani,,,,,,,
440,Geronimo Rulli,,,,,,,
441,Juan Foyth,,,,,,,
442,Exequiel Palacios,,,,,,,
443,Thiago Almada,,,,,,,
444,Guido Rodriguez,,,,,,,
445,Ángel Correa,,,,,,,
446,Yasser Al-Shahrani,,,,,,,
447,Salman Al-Faraj,,,,,,,
448,Mohamed Kanno,,,,,,,
449,Firas Al-Buraikan,,,,,,,
450,Sultan Al-Ghanam,,,,,,,
451,Mohammed Al-Breik,,,,,,,
452,Haitham Asiri,,,,,,,
453,Mohammed Al Rubaie,,,,,,,
454,Nawaf Al-Aqidi,,,,,,,
455,Abdullah Otayf,,,,,,,
456,Sami Al-Najei,,,,,,,
457,Nasser Al-Dawsari,,,,,,,
458,Riyadh Sharahili,,,,,,,
459,Abdulrahman Al-Aboud,,,,,,,
460,Kasper Schmeichel,,,,,,,
461,Joachim Andersen,,,,,,,
462,Simon Kjaer,,,,,,,
463,Joakim Maehle,,,,,,,
464,Thomas Delaney,,,,,,,
465,Christian Eriksen,,,,,,,
466,Andreas Skov Olsen,,,,,,,
467,Pierre-Emile Hojbjerg,,,,,,,
468,Kasper Dolberg,,,,,,,
469,Mikkel Damsgaard,,,,,,,
470,Jesper Lindstrom,,,,,,,
471,Oliver Christensen,,,,,,,
472,Frederik Ronnow,,,,,,,
473,Victor Nelsson,,,,,,,
474,Jens Stryger Larsen,,,,,,,
475,Daniel Wass,,,,,,,
476,Alexander Bah,,,,,,,
477,Christian Norgaard,,,,,,,
478,Martin Braithwaite,,,,,,,
479,Jonas Wind,,,,,,,
480,Yussuf Yurary Poulsen,,,,,,,
481,Aymen Dahmen,,,,,,,
482,Montassar Talbi,,,,,,,
483,Yassine Meriah,,,,,,,
484,Dylan Bronn,,,,,,,
485,Mohamed Drager,,,,,,,
486,Ellyes Skhiri,,,,,,,
487,Youssef Msakni,,,,,,,
488,Issam Jebali,,,,,,,
489,Anis Slimane,,,,,,,
490,Hannibal Mejbri,,,,,,,
491,Naïm Sliti,,,,,,,
492,Aymen Mathlouthi,,,,,,,
493,Bechir Ben Said,,,,,,,
494,Mouez Hassen,,,,,,,
495,Bilel Ifa,,,,,,,
496,Ali Maâloul,,,,,,,
497,Nader Ghandri,,,,,,,
498,Mohamed Ali Ben Romdhane,,,,,,,
499,Ghailene Chaalali,,,,,,,
500,Seifeddine Jaziri,,,,,,,
501,Guillermo Ochoa,,,,,,,
502,César Montes,,,,,,,
503,Jesús Gallardo,,,,,,,
504,Alexis Vega,,,,,,,
505,Hirving Lozano,,,,,,,
506,Carlos Rodríguez,,,,,,,
507,Raúl Jiménez,,,,,,,
508,Uriel Antuna,,,,,,,
509,Alfredo Talavera,,,,,,,
510,Rodolfo Cota,,,,,,,
511,Johan Vásquez,,,,,,,
512,Gerardo Arteaga,,,,,,,
513,Kevin Álvarez,,,,,,,
514,Luis Romo,,,,,,,
515,Andres Guardado,,,,,,,
516,Rogelio Funes Mori,,,,,,,
517,Orbelín Pineda,,,,,,,
518,Wojciech Szczęsny,,,,,,,
519,Kamil Glik,,,,,,,
520,Jakub Kaminski,,,,,,,
521,Sebastian Szymański,,,,,,,
522,Nicola Zalewski,,,,,,,
523,Krystian Bielik,,,,,,,
524,Lukasz Skorupski,,,,,,,
525,Kamil Grabara,,,,,,,
526,Artur Jędrzejczyk,,,,,,,
527,Mateusz Wieteska,,,,,,,
528,Jan Bednarek,,,,,,,
529,Robert Gumny,,,,,,,
530,Damian Szymanski,,,,,,,
531,Kamil Grosicki,,,,,,,
532,Szymon Zurkowski,,,,,,,
533,Michal Skóraś,,,,,,,
534,Karol Swiderski,,,,,,,
535,Krzysztof Piatek,,,,,,,
536,Hugo Lloris,,,,,,,
537,Benjamin Pavard,,,,,,,
538,Dayot Upamecano,,,,,,,
539,Lucas Hernandez,,,,,,,
540,Ibrahima Konaté,,,,,,,
541,Youssouf Fofana,,,,,,,
542,Steve Mandanda,,,,,,,
543,Alphonse Areola,,,,,,,
544,Axel Disasi,,,,,,,
545,Raphael Varane,,,,,,,
546,William Saliba,,,,,,,
547,Mattéo Guendouzi,,,,,,,
548,Jordan Veretout,,,,,,,
549,Eduardo Camavinga,,,,,,,
550,Karim Benzema,,,,,,,
551,Mathew Ryan,,,,,,,
552,Nathaniel Atkinson,,,,,,,
553,Kye Rowles,,,,,,,
554,Harry Souttar,,,,,,,
555,Riley McGree,,,,,,,
556,Keanu Baccus,,,,,,,
557,Awer Mabil,,,,,,,
558,Garang Kuol,,,,,,,
559,Jason Cummings,,,,,,,
560,Andrew Redmayne,,,,,,,
561,Danny Vukovic,,,,,,,
562,Fran Karacic,,,,,,,
563,Bailey Wright,,,,,,,
564,Thomas Deng,,,,,,,
565,Joel King,,,,,,,
566,Ajdin Hrustic,,,,,,,
567,Cameron Devlin,,,,,,,
568,Martin Boyle,,,,,,,
569,Jamie Maclaren,,,,,,,
570,Yassine Bounou,,,,,,,
571,Noussair Mazraoui,,,,,,,
572,Nayef Aguerd,,,,,,,
573,Yahia Attitat-Allal,,,,,,,
574,Abderrazak Hamdallah,,,,,,,
575,Abdé Ezzalzouli,,,,,,,
576,Munir El Kajoui,,,,,,,
577,Ahmed Reda Tagnaouti,,,,,,,
578,Jawad El-Yamiq,,,,,,,
579,Anass Zaroury,,,,,,,
580,Ilias Chair,,,,,,,
581,Bilel El Khanouss,,,,,,,
582,Yahya Jabrane,,,,,,,
583,Borna Sosa,,,,,,,
584,Josip Juranovic,,,,,,,
585,Ivo Grbic,,,,,,,
586,Ivica Ivusic,,,,,,,
587,Josip Stanisic,,,,,,,
588,Martin Erlic,,,,,,,
589,Domagoj Vida,,,,,,,
590,Josip Sutalo,,,,,,,
591,Luka Sucic,,,,,,,
592,Kristijan Jakic,,,,,,,
593,Ante Budimir,,,,,,,
594,Manuel Neuer,,,,,,,
595,Antonio Rüdiger,,,,,,,
596,David Raum,,,,,,,
597,Niklas Süle,,,,,,,
598,Nico Schlotterbeck,,,,,,,
599,Thomas Müller,,,,,,,
600,Jamal Musiala,,,,,,,
601,Mario Götze,,,,,,,
602,Jonas Hofmann,,,,,,,
603,Youssoufa Moukoko,,,,,,,
604,Kevin Trapp,,,,,,,
605,Marc-André ter Stegen,,,,,,,
606,Matthias Ginter,,,,,,,
607,Lukas Klostermann,,,,,,,
608,Christian Günter,,,,,,,
609,Armel Bella-Kotchap,,,,,,,
610,Julian Brandt,,,,,,,
611,Leroy Sané,,,,,,,
612,Karim Adeyemi,,,,,,,
613,Shuichi Gonda,,,,,,,
614,Yuto Nagatomo,,,,,,,
615,Hiroki Sakai,,,,,,,
616,Take Kubo,,,,,,,
617,Junya Ito,,,,,,,
618,Daichi Kamada,,,,,,,
619,Takehiro Tomiyasu,,,,,,,
620,Eiji Kawashima,,,,,,,
621,Daniel Schmid,,,,,,,
622,Hiroki Ito,,,,,,,
623,Gaku Shibasaki,,,,,,,
624,Hidemasa Morita,,,,,,,
625,Yuki Soma,,,,,,,
626,Shuto Machino,,,,,,,
627,Ayase Ueda,,,,,,,
628,Unai Simón,,,,,,,
629,César Azpilicueta,,,,,,,
630,Jordi Alba,,,,,,,
631,Rodri,,,,,,,
632,Pedri,,,,,,,
633,Alejandro Balde,,,,,,,
634,Koke,,,,,,,
635,Nico Williams,,,,,,,
636,Robert Sánchez,,,,,,,
637,David Raya,,,,,,,
638,Eric García,,,,,,,
639,Pau Torres,,,,,,,
640,Hugo Guillamón,,,,,,,
641,Dani Carvajal,,,,,,,
642,Marcos Llorente,,,,,,,
643,Yeremi Pino,,,,,,,
644,Ansu Fati,,,,,,,
645,Keylor Navas,,,,,,,
646,Bryan Oviedo,,,,,,,
647,Carlos Martínez,,,,,,,
648,Jewison Bennette,,,,,,,
649,Kendall Waston,,,,,,,
650,Rónald Matarrita,,,,,,,
651,Bryan Ruiz,,,,,,,
652,Brandon Aguilera,,,,,,,
653,Álvaro Zamora,,,,,,,
654,Esteban Alvarado,,,,,,,
655,Patrick Sequeira,,,,,,,
656,Daniel Chacón,,,,,,,
657,Gerson Torres,,,,,,,
658,Youstin Salas,,,,,,,
659,Douglas López,,,,,,,
660,Roan Wilson,,,,,,,
661,Anthony Hernández,,,,,,,
662,Johan Venegas,,,,,,,
663,Thibaut Courtois,,,,,,,
664,Toby Alderweireld,,,,,,,
665,Jan Vertonghen,,,,,,,
666,Axel Witsel,,,,,,,
667,Kevin De Bruyne,,,,,,,
668,Youri Tielemans,,,,,,,
669,Timothy Castagne,,,,,,,
670,Eden Hazard,,,,,,,
671,Leandro Trossard,,,,,,,
672,Lois Openda,,,,,,,
673,Simon Mignolet,,,,,,,
674,Koen Casteels,,,,,,,
675,Arthur Theate,,,,,,,
676,Wout Faes,,,,,,,
677,Zeno Debast,,,,,,,
678,Thorgan Hazard,,,,,,,
679,Hans Vanaken,,,,,,,
680,Romelu Lukaku,,,,,,,
681,Dries Mertens,,,,,,,
682,Charles De Ketelaere,,,,,,,
683,Jeremy Doku,,,,,,,
684,Milan Borjan,,,,,,,
685,Richie Laryea,,,,,,,
686,Stephen Eustaquio,,,,,,,
687,Atiba Hutchinson,,,,,,,
688,Jonathan David,,,,,,,
689,Ismaël Koné,,,,,,,
690,Liam Millar,,,,,,,
691,Cyle Larin,,,,,,,
692,Dayne St. Clair,,,,,,,
693,James Pantemis,,,,,,,
694,Derek Cornelius,,,,,,,
695,Joel Waterman,,,,,,,
696,Samuel Piette,,,,,,,
697,Liam Fraser,,,,,,,
698,Mark-Anthony Kaye,,,,,,,
699,David Wotherspoon,,,,,,,
700,Lucas Cavallini,,,,,,,
701,Ike Ugbo,,,,,,,
702,Yann Sommer,,,,,,,
703,Ricardo Rodriguez,,,,,,,
704,Djibril Sow,,,,,,,
705,Fabian Frei,,,,,,,
706,Haris Seferovic,,,,,,,
707,Noah Okafor,,,,,,,
708,Jonas Omlin,,,,,,,
709,Gregor Kobel,,,,,,,
710,Philipp Köhn,,,,,,,
711,Edimilson Fernandes,,,,,,,
712,Renato Steffen,,,,,,,
713,Denis Zakaria,,,,,,,
714,Michel Aebischer,,,,,,,
715,Christian Fassnachft,,,,,,,
716,Ardon Jashari,,,,,,,
717,André Onana,,,,,,,
718,André-Frank Zambo Anguissa,,,,,,,
719,Samuel Oum Gouet,,,,,,,
720,Martin Hongla,,,,,,,
721,Karl Toko-Ekambi,,,,,,,
722,Bryan Mbeumo,,,,,,,
723,Gaël Ondoua,,,,,,,
724,Georges-Kévin Nkoudou,,,,,,,
725,Nicolas Ngamaleu,,,,,,,
726,Simon Ngapandouetnbu,,,,,,,
727,Devis Epassy,,,,,,,
728,Christopher Wooh,,,,,,,
729,Olivier Mbaizo,,,,,,,
730,Enzo Ebosse,,,,,,,
731,Olivier Ntcham,,,,,,,
732,Souaïbou Marou,,,,,,,
733,Jerome Ngom Mbekeli,,,,,,,
734,Jean-Pierre Nsame,,,,,,,
735,Sergio Rochet,,,,,,,
736,Diego Godin,,,,,,,
737,Matías Vecino,,,,,,,
738,Federico Valverde,,,,,,,
739,Facundo Pellistri,,,,,,,
740,Guillermo Varela,,,,,,,
741,Matías Viña,,,,,,,
742,Nicolás de la Cruz,,,,,,,
743,Fernando Muslera,,,,,,,
744,Sebastián Sosa,,,,,,,
745,Ronald Araújo,,,,,,,
746,José Luis Rodríguez,,,,,,,
747,Lucas Torreira,,,,,,,
748,Agustín Canobbio,,,,,,,
749,Manuel Ugarte,,,,,,,
750,Maxi Gómez,,,,,,,
751,Facundo Torres,,,,,,,
752,Seung-gyu Kim,,,,,,,
753,Jin-su Kim,,,,,,,
754,Min-jae Kim,,,,,,,
755,Moon-hwan Kim,,,,,,,
756,In-beom Hwang,,,,,,,
757,Heung-Min Son,,,,,,,
758,Jae-sung Lee,,,,,,,
759,Sang-ho Na,,,,,,,
760,Ui-jo Hwang,,,,,,,
761,Jun-ho Son,,,,,,,
762,Bum-keun Song,,,,,,,
763,Hyeon-woo Jo,,,,,,,
764,Jong-gyu Yoon,,,,,,,
765,Chul Hong,,,,,,,
766,Kyung-won Kwon,,,,,,,
767,Tae-hwan Kim,,,,,,,
768,Yu-min Cho,,,,,,,
769,Chang-hoon Kwon,,,,,,,
770,Woo-yeong Jeong,,,,,,,
771,Min-kyu Song,,,,,,,
772,Diogo Costa,,,,,,,
773,João Cancelo,,,,,,,
774,Otávio Monteiro,,,,,,,
775,Bernardo Silva,,,,,,,
776,João Palhinha,,,,,,,
777,William Carvalho,,,,,,,
778,João Mário,,,,,,,
779,Rui Patricio,,,,,,,
780,José Sá,,,,,,,
781,Diogo Dalot,,,,,,,
782,Nuno Mendes,,,,,,,
783,António Silva,,,,,,,
784,Matheus Nunes,,,,,,,
785,André Silva,,,,,,,
786,Lawrence Ati-Zigi,,,,,,,
787,Baba Rahman,,,,,,,
788,Alexander Djiku,,,,,,,
789,Thomas Partey,,,,,,,
790,Salis Abdul Samed,,,,,,,
791,Daniel-Kofi Kyereh,,,,,,,
792,Jordan Ayew,,,,,,,
793,Antoine Semenyo,,,,,,,
794,Ibrahim Danlad,,,,,,,
795,Manaf Nurudeen,,,,,,,
796,Denis Odoi,,,,,,,
797,Gideon Mensah,,,,,,,
798,Joseph Aidoo,,,,,,,
799,Elisha Owusu,,,,,,,
800,Abdul Fatawu Issahaku,,,,,,,
801,Daniel Afriyie,,,,,,,
802,Kamal Sowah,,,,,,,
803,Alisson,,,,,,,
804,Thiago Silva,,,,,,,
805,Alex Sandro,,,,,,,
806,Raphinha,,,,,,,
807,Gabriel Jesus,,,,,,,
808,Antony,,,,,,,
809,Gabriel Martinelli,,,,,,,
810,Weverton,,,,,,,
811,Ederson,,,,,,,
812,Dani Alves,,,,,,,
813,Alex Telles,,,,,,,
814,Bremer,,,,,,,
815,Fabinho,,,,,,,
816,Everton Ribeiro,,,,,,,
817,Vanja Milinković-Savić,,,,,,,
818,Miloš Veljković,,,,,,,
819,Filip Mladenovic,,,,,,,
820,Andrija Živković,,,,,,,
821,Dušan Tadić,,,,,,,
822,Nemanja Maksimović,,,,,,,
823,Darko Lazovic,,,,,,,
824,Ivan Ilic,,,,,,,
825,Nemanja Radonjić,,,,,,,
826,Marko Dmitrović,,,,,,,
827,Strahinja Erakovic,,,,,,,
828,Stefan Mitrovic,,,,,,,
829,Srdan Babic,,,,,,,
830,Filip Kostić,,,,,,,
831,Uros Racic,,,,,,,
832,Marko Grujić,,,,,,,
833,Filip Djuricic,,,,,,,
